f0,f1,f2,f3,f4,f5,f6,f7,f8,f9
0.05795611780309078,0.004415793747425351,-0.2228809884348634,0.11769363095768491,0.030539654550294643,7.097586738470196e-05,0.07319504686456112,-0.09398285679162624,0.37430676826999937,0.28963351386400055
0.4226614687400638,0.5192490063045383,0.5684098975284253,0.498399411881509,,,,0.6685789973497539,0.7695840272026667,0.8317459357874795
0.456641028330277,0.5317774037342425,0.9972486548263856,0.857417728666908,,1.1014547183482843,0.9878882729031033,0.921953566569584,0.6377853194701782,0.8513543660175105
0.4287196636872831,0.2416285463901287,1.17892375695951,0.6808049946855025,,0.9363743394900499,0.3760024262852472,-0.11940908055580807,-0.2667231150466899,-0.31834084756311903
0.5139518689546405,0.9126405755423774,0.7597103135456538,,0.019493852016894797,-0.14101826802093598,-0.5483711070520265,-0.8431636947566762,-0.8934999545916527,-0.6895912209540485
0.33981257743217275,0.7794989500919443,0.7194890966105006,,0.1563553503791462,-0.35782981201176733,-1.0531250765528544,-0.9572294651919947,-0.9026713083617821,-0.04535404063644409
0.9097038287642325,,0.5819319196911592,0.17750897285127448,-0.6965878383939084,-0.69620115480473,-0.8468343846401686,,0.33005840982575374,
1.0742900640246047,1.1183703267425305,0.7944655135387597,-0.2806646488597522,-1.033695974300673,,-0.3286022101154288,0.5524500232422629,0.5042047384038812,
0.881539045618494,1.0477605948243947,,-0.6547868948796599,-0.6175488411672806,0.006130996294001156,0.8517631539559996,,0.5020674825922287,-0.8528292317858418
0.8800302328941451,0.6927333542844226,0.13707195686653617,-0.8238187077070108,-0.4797688999690048,0.4017680390824514,1.1808804070123362,,-0.8399730106819773,
0.6834505032223771,0.4109021256400042,-0.6966881437114895,-0.9686231146895619,-0.12912045288869337,1.0637865916055707,0.2254240234566392,-0.7567025109067526,-1.0372109354486654,-0.372114569984116
0.8930868230727094,0.29021139794775136,-0.7090594277975522,-0.7104124195662169,0.3249820630958284,0.802166147430522,0.20940384417167893,-1.1450647187303755,-0.14685936514060544,0.8236872639507158
0.853316360669672,-0.1938015377571396,-1.065781164387157,0.287910676951927,1.2061217117447778,0.6551209141979104,,-0.4137134397208239,0.5205178039633673,0.5601490397153417
0.7473976242561943,-0.033435938338657475,-0.6920449623207787,0.08348316610753159,1.2073126567873176,-0.29452783420379824,-0.8543323110262699,0.8163626355548661,0.7706414144334627,-0.45236045314891626
1.030793979268375,-0.7862779657852434,-0.8012330240834765,0.37352960636525123,0.5022829211846966,-0.7763776470347155,,0.9310580290004026,0.09097034994672115,-0.8613077115406284
0.9281057642977018,-0.7932899866868999,-0.5890810580744166,0.8942119916113261,0.06281458197837865,-1.0661375820254455,0.36776080970579217,0.532897860903489,-0.7432869687403758,
1.0135444310620008,-0.6217007180735082,0.11373435537803894,1.1130354576815782,-0.7189265245911086,-0.2779192417767408,,0.134810401263469,-0.3439878220768894,1.2992592016513855
0.9880185301505031,,0.5060183916784083,,-1.2063027415945606,0.6262892855917389,0.3995440815450331,-0.6205844774949019,0.4194625013857656,
0.3931787695539676,-1.174524854791072,0.6578645653325931,0.4423284202817533,-0.9046146069115001,0.8951063175871145,-0.2166835561016046,-0.8204942316536833,0.9414025716809741,-0.4130418969003584
0.8534623898754145,-0.7883896390430516,0.7854807973393109,0.5459559067643174,-0.810353245570768,0.7219504073103056,-0.7181232947299149,0.4478638789755633,,-0.7910669851989066
0.5847394004233213,-0.8523893559402225,0.658936540362902,-0.6923932895934884,,,-1.1249768933669029,1.0133321104675916,-0.6858722497073458,0.24346173563658155
0.28942653513785144,-0.7973610044548125,0.8255643840623624,-0.6882579869457414,,0.16066813511272005,-0.6034683501338478,0.5561182845098133,-1.064856991015473,0.796107045299872
0.16702635579473557,-0.6999374444497809,0.8778732635261073,-0.6986540721520844,1.0240531361489875,-0.5410968940668309,0.3372303322698952,-0.029339051489069498,-0.5285013908867899,1.084597664108565
0.06670701507850346,-0.3666712378088492,0.6666831934727542,,1.0003893310219423,-1.0722044775576498,0.9571420190048644,-0.9395429633145757,0.619501132215021,-0.48521843626022876
-0.4237235165722078,,0.3019203269156842,-0.33788561314635457,0.6223384348916788,-0.8356743526103902,0.8680008008208481,-0.6163268543279861,0.6590126217565855,-0.9847511795611419
0.4313069670742485,0.1819577012316468,0.018162723315324623,-0.050153734861197445,-0.09942611459551458,,0.15400974045750598,-0.029855441716280733,-0.07891896340167713,-0.0319295661921426
-0.6120478336796404,,,0.4319416399546041,-0.5079937436739487,0.716209189221303,-0.5586816720520305,0.8878446146990668,,1.2359406704219753
-0.38593951088368716,0.29423646501132905,-0.5870296627555024,0.8740174927677506,-0.8331643321823916,1.3054027032726365,-1.004104438180819,1.0751946278169227,-0.6044771698400556,0.5648620871345242
-0.46462312701298597,0.7937148188074075,-0.5803356040240244,,-1.0161615489126192,0.5451929682880694,-0.17306300562348675,0.026186672962212623,0.2565466885385832,-0.21138128946796858
-0.6256194355711482,0.5975956819328292,-1.0035711643328813,0.6938582391716226,-0.3950579217344534,0.26938875909684773,,-1.1562913468471414,1.2352992418078903,-0.9050842012779784
-0.736731647442884,0.9569001310171776,-0.836228963579678,,-0.03733841007139534,-0.5611433928856475,0.7681380773300315,,0.7023595273814106,
-0.650662050183441,0.6753967240005825,,,0.3422999897455529,-0.9116658335374563,0.626068353089576,-0.2176430706481915,-0.2849272540846693,1.0969993908105575
-0.43587185599219597,1.2097106218143705,,-0.16967034778855608,1.0789151459126143,-0.8477116733136387,-0.04914439706539561,1.1925522724818145,-0.9577212743931331,0.9000411267442603
-0.7762309039621856,1.0144088196747159,,-0.7485118271190155,0.8231972411913006,0.03931936160372046,-0.9550360138937293,1.0490375713908142,-0.07264092796695004,-0.6374974043726949
-0.9785542309849894,1.179434690205136,0.22274170002514612,,0.41696575860001517,,-0.6893494310819883,0.25377753050241386,0.8208655539080512,-0.7835106679471066
-0.8042529954144122,,0.2609762596772374,-0.6558596351421082,0.06913573110418593,0.6799538749219418,-0.4186411661444528,-0.385264454877683,0.7094238458569467,0.034055073159378564
-0.8953529736517896,0.5319611467757872,0.7149725196819694,-0.8976533855528434,-0.9320283751557136,0.9022632286724103,0.4528941907574159,-1.208229453386243,0.040624093342349676,0.9796061615345585
-0.6830074298934967,0.22482816148319743,0.7624047791354588,-0.12018306220201386,-0.7672471400348848,0.2764908072110444,0.6593671204153638,-0.3316228953373161,-0.7722453553692915,0.23896824281791884
-1.35447512861035,0.022572282278589012,0.5764422133312362,0.3251458479367365,-1.002295121625066,-0.3125859738813688,0.8657905732417438,0.19298886482231292,-0.5825917831813952,-0.2796157561709596
,-0.5896139304305087,1.0970413555762553,0.5610009354187422,,-1.1387991679507397,0.020750936385880436,0.7879576786041924,,-1.0046737848795073
-1.1785948406458286,-0.01530420056799342,,0.8669352770605928,-0.06616225380908233,-0.786679856592942,-0.6794848046589376,0.8890235684760832,1.0876185263673253,
,-1.069236833988628,,1.1999931208799313,0.7290595668347459,-0.6700177385358522,-1.1579577750636916,,,0.8582116926925882
-0.3355198293395748,-0.5926729548755814,-0.16384188684243894,0.8538074041080125,1.127120741224551,0.21726247117127684,-0.4953232172016756,,-0.4118951911297841,0.2792656035356079
-0.818951244772102,-0.5682076620164074,-0.6116334323650725,0.5118353791074338,1.083544062781677,0.8046845917457528,0.05224160206222846,-0.8695101191728234,-0.842474867542216,-0.6532295020744352
-0.9748997335479087,-0.6954009128649745,-0.7550873136392928,,0.7859863164761591,1.164410412625468,0.8018518220674726,0.8621259607269358,-0.6391454924076647,-0.7229077357002067
-0.5564839659213358,-1.1759415750042321,-1.0972845905232103,,0.08279883019295822,0.7748736774163281,0.9427463602486104,,0.835896230598203,-0.31089139589218084
-0.49708027450009723,-0.8598003172478139,-1.0490710159877965,-0.9647924188957885,-0.3297442055058278,-0.2124684416325846,0.3336358081328382,1.100723370607769,1.255780721298265,0.8995367227360751
-0.4174230148252019,-0.2390689692604096,-1.0740464649174999,-1.0635141849877374,-1.0192504336959156,-0.9561925266410989,-0.36349936098836017,-0.17034236527042426,0.14675248394138785,0.7302177171484715
,-0.37483994051771047,-0.8618740022236616,-0.8548881446900222,-1.1195450939434999,-0.9430767230534755,-1.1891682038341687,-0.7810707434820502,-0.7314678484763607,-0.589141067694966
-0.20937649532836206,-0.21172904043426008,-0.39373242513561063,-0.5343206527225943,-0.4321134801777199,-0.6178387440539098,-0.8608795738030388,-1.040076824702695,-0.7394982654985712,-1.0093863354231762
0.1088013544137267,-0.06751497759276805,0.15655525473778176,-0.19696670985497097,0.285988633686323,0.07630796722767885,0.27960565136941584,,-0.28051071621767093,0.04203001281558128
,0.49062864344581003,0.45098909717570823,0.6109801802912315,0.5512280075564586,0.8401997790299891,0.9592285716309699,0.8774265202037606,0.8530525910686657,0.9684246579307185
0.10050133387567001,0.22406350237261985,,0.6857327815590925,,1.0604220762213954,1.1273014719533572,0.9217449985539641,,0.641825567697701
,0.48804868145527547,0.6434123240986929,1.0990124051002066,0.9968307070388063,,0.47330232353998336,0.034741003134569404,-0.23967458664772548,-0.8296799112651477
,1.038743271991381,1.2727718439590556,0.9328094318513543,0.6856779397437743,,-0.44851550420853786,-0.577913998980494,-0.7874301385194303,-0.8752416073218252
0.5383553595061888,,1.0963133672147491,0.5402344705200983,-0.25283577373933774,,-1.1512522012781226,-1.3529678312468052,-0.7222242066186689,-0.3193725958462357
1.0243970148809987,1.084507134271224,0.7823408209380633,0.23159190129219503,-0.7067636117829332,-1.1705162181564397,-0.5699637883056023,-0.04895439154494233,0.5849248816868332,1.3351134659541324
0.657269211000886,,0.3342970132070364,-0.28557461320190297,-0.9234134890856065,-0.8932332797648266,-0.2527360628365065,0.7941456810385774,1.021098490158559,0.7330927749735932
0.8938706572204529,1.2274697809914998,0.3630649097135027,,-0.8105487777238819,-0.6919349928501382,,,,-0.5211754782363217
0.8839656194883792,1.070217534987813,-0.03752446380716218,-1.0917878248563473,-0.981777918140962,0.5717746149864849,1.1114649259791385,0.07687624641136764,-0.7886378260890323,-1.1737182372523782
1.1047452588000204,0.1588984318758928,-0.4057886463482515,,0.07503911048066528,0.8984944145130458,0.5385237680421284,-0.5361200762123071,-1.048876298072647,-0.07314364786361528
0.9618571195594586,0.334485025223332,-0.7353675258747391,-0.5839359815141068,,0.9913247856394051,-0.14602457318393414,-0.8512473981293718,-0.06113214750432738,0.9965701297936873
0.7908834249807872,-0.40451623145317395,-1.016604210333952,0.0003203189237731552,0.7792166246588527,0.3585856952948105,-0.846126452431923,-0.8871286107758158,0.7457972137717845,0.5574909704376912
,0.19417064457171995,-0.7227091555024732,0.2819334724869432,0.6257213977303031,-0.48863022855644855,,,0.8471108876349868,-0.6924188244382267
0.9085077816630235,-0.45276382125610765,-1.018055506576522,0.6999061543716962,0.41401827531325935,-0.6473593829864033,0.06278406612511908,1.0827390680799533,-0.08560749208925089,
1.159531764707177,-0.5489137642345602,-0.43039178107518183,0.9273143937623898,-0.13158644196385,,0.3017502196081509,,-1.1408344037207336,-0.1849032165471021
0.839612071386459,-1.123036380562276,,1.197424792999126,-0.48080497003147227,-0.6223227601758629,0.9829511240856962,-0.5099971056766324,-0.5634004438100118,1.3604992276895131
0.8611006692206178,-0.8175515705457342,0.1903182005376584,,-0.7436721723572988,0.3386633245936752,0.7686218029785692,-0.8585570849951523,,0.7696897210790945
1.044992735107715,-1.063169934283963,,0.23104607245671444,,0.660557971133577,-0.23853110579075,-0.7814705889218373,0.9037599404784559,
0.9862349751101549,,0.5413090370200379,0.06970496807891724,-0.6404975248241193,1.0029622266750022,-0.7533090778931939,,0.6460734318911877,-0.9586359819495215
0.8486528675376076,-0.9089122535303807,,,-0.16580751952823358,,-0.669318918517907,,,-0.05292446455017784
0.5717882158060412,-0.8148223000409112,0.929444027358021,-0.6961610837117114,0.5457484765378026,-0.19572544053280905,-0.5907548716849688,0.9114588089537876,-1.155092292093148,0.9713649082992838
0.48280531025848317,-0.4513271751768157,,-0.6946760358196418,0.7020284325168099,-0.848750336718092,0.5685523254008684,-0.2517192402485282,-0.10224152114880361,0.7505879833485118
-0.14232897454775248,-0.9028822157644301,0.4932684845428848,-1.175553652719413,0.8231958357613745,-0.8221769006023152,1.055500315292407,-0.8754772927408877,,-0.41738233766877203
,-0.10358959671015228,,-0.1346526344856454,0.787617149260738,,0.7837149993320137,-1.1384128640652098,0.5540280453937543,-0.8149127626462531
0.21759552019997017,0.13839613927387293,0.3026328884480288,-0.08272112493835872,-0.020597567175535493,-0.18235761426274746,0.08613774277741384,,-0.07570561441471282,0.046479451988562084
-0.05232472800199338,0.29062743277800396,-0.2584908359931287,0.41934275322398973,-0.6326642747906991,0.8913775265593813,-0.7249859758113568,0.5436056441643793,-0.9709927192916291,0.644814478503508
-0.012233397476076963,0.23165916345053172,-0.8259082545837713,0.6610445488133184,-1.0492701226505416,1.3580931158888192,-0.8433913131217826,0.7155365426160045,-0.8395724745597568,0.5641673446480783
-0.4860494326526872,0.49990436151490236,-1.2716586838716717,0.8847934020884614,,0.8665939983526547,-0.6197590424276709,,0.30055261916310483,
-0.48191220010078545,0.5915958326849461,-1.0793996937428034,,-0.27800902823359314,-0.12270199654713784,0.4312681959111962,-0.566751479023573,0.9162354311050658,-0.5514898767994603
,0.7390232018212926,-0.8840442828709253,0.6023246506130312,-0.131026222985157,-0.6315814728830745,1.3272543414696438,-0.8317109249299681,0.6782406048503851,-0.08276503225739619
-0.8065844838353413,1.1953780960864868,-0.6869059908329457,0.3431554503704794,,-1.2384340319086087,0.6567277398679476,-0.42445426057027985,-0.2737899639025696,1.3305741732101777
-0.6012763953487394,,-0.4515919667592469,,0.8879634606671923,-0.7328841207658456,0.03094449282455207,0.43927809882117524,-1.0105205871830867,0.5972972812376891
-1.0058108548723785,,-0.0860729204759588,-0.44084294829011356,0.7732919968753603,-0.004591997068212478,-0.7509322154713655,,-0.4335437151890797,-0.6756898496543444
-0.4520072423541013,0.5591570374357981,,-1.0735513352192805,0.589080065323919,0.8020548358358633,-1.1177459951935278,0.4651771041469414,0.3443298530464658,-0.9156319404519015
-0.8230307499828431,0.14787653321285976,,-0.7387357611790957,-0.12489844006408223,0.9177257663211446,-0.2701298290186876,-0.46833602695803106,1.3172071439286053,0.07497170027050536
-0.6303661363896146,0.3078686352434652,0.5275937388992044,-0.5352211861098102,-0.7994766120284533,0.7563175180045951,0.3383287152512533,-0.9941993265750986,0.22895350314009902,1.0560760774880422
-1.261012727055446,-0.21683380741580544,0.8958518000815863,-0.1303413263988978,-1.019787393146494,0.3282422452490914,0.7316777531986153,-0.24285693952018728,-0.5916368087841054,0.6435648222152783
-0.5507099300996707,0.1485457145384956,0.7130901609096785,0.1963464970207249,-0.8399668938433037,-0.2621873292196981,1.00634318596527,0.15970136301513665,-1.1263180633078833,-0.8101927639154862
-0.8451983635165572,-0.3689561214412107,1.1145773926742095,0.5066632675062488,-0.6509272044626242,-0.9642926224146556,0.0913669529960486,0.7951290614078013,-0.04213142652709562,-0.76221093818772
-0.8977125541610094,-0.5848611164165289,0.6166845811500484,,0.22820363988364403,-0.6254982526835098,-0.6980546790612252,0.1920885008810722,1.1745326865980554,
-1.0838803949671219,,0.1651738205268446,,0.773918907256678,-0.40675363350499255,-0.8975102864334701,-0.13509443339529406,0.8264381002713743,1.1109930879354901
-0.9847658941861256,-0.6689552313447362,-0.13563624670525293,1.010730956432274,0.7924133390653937,0.1706839108904975,-0.7444377655353414,,-0.3723758230706509,0.4442809799640187
-0.8246041676950543,,-0.5686180456585919,,0.8183260568349602,0.8545363754857457,-0.010437274509533107,-0.6784123437518698,-1.0554326290926617,-0.49337947019609185
-0.9165708687805774,-1.0180895921425432,,0.13937317940631808,0.5726626304609772,1.215772062760884,0.6351261598422544,0.21776614538770694,-0.42292667336681655,-0.8038654687801587
-0.20020037680275687,-1.0024598240782048,-0.9329452154870598,-0.6964347264105182,0.06711215506322421,0.8120536672041067,1.3637808228804595,1.0211649817533277,0.48832943186413363,0.24735433755970512
-0.3233985551346378,-0.5851159061277593,,-0.766618531086434,-0.5229472234823306,-0.4591946443362676,0.2652579772063883,0.7530490765104118,,1.0592734555092271
-0.45978544799792964,-0.8204229599508255,-1.0595445906101224,-1.41051573849055,-1.0826756296599056,-0.5166559586858781,-0.6752241107858867,-0.03652828726388149,0.29478871884291685,0.23794311260595996
-0.595476123354348,-0.383017214414215,-0.5642677197285181,-0.9339600131639623,-0.9190020906128504,-1.0025727787377765,-0.8123317563590001,-0.8647557745516943,-0.4562966431283736,-0.5455872056502662
,-0.49368352618239475,-0.36591120071128647,-0.561529420299595,-0.49108284623065784,,-0.9874654140383284,-1.1976017821980076,-0.5045144203622871,-0.8879095752864637
0.10413053591540727,,0.007930768499046434,0.010249465642294816,,0.04439895496062982,0.1717976488825312,,0.024811874142152798,0.07555534778897575
0.2199137113009671,,0.7364750641157214,0.08572430053150787,,0.6962609202049304,0.7665717765929074,1.1524995491109422,0.958632024673832,0.5870161666117129
0.050191592335051244,0.7417288547933711,0.808620668980903,0.9221144333448629,0.8010978248332281,0.8810228797648435,0.8080845402187897,0.8094996397930488,1.0118790976664624,0.5152248195360429
0.5123595098215779,,0.5164837020280094,0.8121287805973851,1.0278190900303796,0.9648200765862859,0.1647091091816591,-0.14710980493857592,-0.43492887966491206,-0.6488558637720441
0.4247482584097044,0.7066632731247122,1.1687274754530181,0.9591341749322917,,-0.05073658131092296,-0.38974676699578426,-0.5830147959925904,-1.3109098115411644,-0.9871331786589563
0.3540065020988231,,1.0644432420029732,0.652871954868339,-0.04940615920133377,-0.32989501084377343,-1.078118324466831,-0.652433499960245,-0.7826612200346245,-0.05315274516467728
0.720110164053817,0.9763836017753057,,,-0.578828535200432,,,-0.512830076826747,0.5126739749516334,0.6211358238584148
,1.2384311849519538,0.4502858938538024,-0.31847127738598713,-0.9507584088589367,,-0.3965806773435194,0.6062937867758913,1.0292433567379575,0.256539611218946
0.6558588507576313,0.9102160433264367,0.3603615692471954,-0.47418804300557355,-1.1144366979152955,-0.17308788521694382,,0.9793911813524635,0.5232668244124284,-0.7355300368784035
1.0164831128782617,0.423132591025208,-0.4829553086820988,-0.6880667578387828,,0.19738607052636709,,0.3035905673180559,-0.7098438823820736,-0.7350319631369042
0.7023663993216518,1.1435914156673797,-0.2367096014864492,-0.9224775301125031,-0.025288436693976336,1.0772877173223803,0.5067732499581166,,-0.7874835086275493,0.06356180189081001
0.8933774546321153,0.3640134037601043,-0.8351175665301159,-0.6795877036070813,0.3773437489557835,0.941149622152497,0.0009293363654880593,,-0.15648568691310208,0.430723264044516
1.5096412657265954,0.3809256761630505,-0.6707822389452084,,1.1292875259597837,0.2893038562393929,-0.8394194557960389,-0.44904770044670794,0.7160730685331722,0.8513404608474022
,-0.5283956456981779,-0.8824153732375193,0.016098062573426303,0.7819886095330435,-0.1609446661020877,-0.8959834406460659,0.9076356228968288,1.3296198556066885,-0.8932866956804348
,-0.35925160143643314,-0.9792634483978141,0.8968244986787265,,-0.7752759659318149,-0.3335397650570537,1.3675908370237992,-0.33909335835896115,-0.8942909590831949
,-0.5910441877265874,-0.3522428996589517,1.0312959473134373,-0.023236534253469412,-0.7711958712309305,0.63769239765179,0.2496230080361011,,-0.07266778613626274
0.8311717735819381,-0.5852897166920091,-0.3235178439897035,1.004956664516697,,,1.0299856737358248,-0.38152576434660934,-0.4711794741443852,1.1329405815286808
0.6975951620425498,-0.9346682263491044,0.10394063291746367,1.2780189983499801,-0.7501107106514496,0.23325795226024973,0.7111993767702085,-0.8606871511323276,0.2820061357924103,0.7214225820136884
0.8824310574993175,-1.1982307521319056,0.5186497440260356,0.498554456300327,-0.9465229215786436,0.7906473403451989,-0.40362139649136974,-0.9038037042817234,1.2744323474655945,-0.7486088196419317
0.5304058667125863,-0.9547331508460906,0.6932238594103106,-0.10017136798837879,-0.6015005685564568,0.9847786202124909,-0.7998510731278005,0.5288636648945361,,-1.3673917525218031
0.6401211703338567,-0.9408445704215403,0.5015685481314125,-0.7583813348433945,0.09846852429856717,0.5788269174996807,-0.9976103240903438,0.963529507493108,,-0.07986218506922824
,-1.0714191892096727,0.9524377636684227,,0.7978850717530179,0.036711893761561254,-0.49692017375149294,0.7604549244754373,-0.8274077526374031,0.9827449997689164
0.4612340562738539,-0.7150541734943998,1.0000571008159722,,1.00774242869736,-0.8631927160995168,0.6877965933570209,-0.1670532620032547,-0.24241845276944837,0.38649679497973677
0.6485169676291905,,,-0.8401604739619383,,-1.1193151505087846,0.9929399072817796,-1.0439976296225393,,
0.17494448940691554,-0.4133551057871848,0.6636883610086873,-0.3351340223602659,0.47640627978820016,-0.8862118092242368,0.5864750825178147,-1.0267268312901194,1.0139148627581607,-0.8104631579440136
0.1060721839610261,0.033622722311373934,-0.13993882581090403,-0.009415995765569271,-0.06042633159502219,,-0.22301106920035604,0.09303403552800185,-0.33222384328381926,0.08658240420486046
-0.2527413095722396,0.37457581842937776,-0.5741058938690639,0.9522652994551473,-0.7271006283485151,0.8994630668985683,-1.0733671870395562,1.0133244295299704,-0.9376108334898497,1.1527724046718566
0.01004971117668979,,-0.7708904323242471,0.8571780440196892,-0.8024293321074782,1.243397677656893,-0.8498836668768918,0.8399548047716353,-0.7137645848816739,0.7114784687979054
-0.18829158191751413,0.6282563799779319,,,-1.1463480147224367,0.7767856683603397,-0.41241453078563,-0.22990480707046135,,-0.07339415932089899
-0.4005159478233724,0.8516543234248724,-0.9455578476180732,0.7805505029331437,,0.4108794581954065,0.48755816919710065,-0.697254715358421,0.8112920671987991,
-1.0157072998719672,0.9406423525989283,-0.6328310060167455,0.7225271053581543,-0.19304791161701504,-0.8648647645162573,0.971320757957903,,1.0392650295671169,-0.23626106102543082
-0.6901234571495374,,-0.6735619604951785,-0.07731736151179189,0.47565223403794216,-0.9607104390781968,0.9045699372916755,-0.22552579474348344,-0.18857005883824213,0.9514916904581329
-0.645454190006505,,,-0.30979036202171956,0.7429419987355785,-0.654352366052702,0.03218173035732737,,,0.7472575123229933
-1.0171780707588904,1.075071434832056,0.018945219908166527,-0.7953290180365429,0.7694688420977038,-0.2861794495155675,-0.5300814774983016,1.0699121036698727,-0.3350479459022889,-0.8126926268288246
-1.1761926066761546,0.7886402442887133,0.09999274948856307,-0.9665423126239976,0.8885866589653315,0.5307417491846605,-0.9884043061405352,0.5730103717916721,0.6733795948081064,-0.5439213418375509
-1.0055623756013468,0.5342001387840623,0.39744626504380937,-0.728727249724288,-0.17451174041475026,,,-0.43568381073271556,0.7711557480808083,0.15411359881237427
-1.1363765357168913,0.37516495572926195,0.9138376423373555,-0.9679693076821452,-0.5830233633630316,0.9265332883559455,0.2384487060064505,-0.8831360887716645,0.41487676153135733,0.9115360468405704
-0.8234521072733167,-0.040635278579605916,0.8302175186745113,,-1.1587771112493548,0.05281801436910205,,-0.4576868327804165,-0.7754881472986753,0.7022590310829677
-1.098096323090548,,0.7817392376531678,0.06301213559224544,-0.840654524428156,-0.13647445577398143,0.6800694407183687,0.701421447520547,,-0.47476555323420766
-1.144918227772393,-0.4374435255728869,0.8719378286883367,0.15460971787425815,-0.6483824982587137,-0.7281772685517041,0.2830936085579815,1.110213037829793,0.2039822813907683,-1.2080466966098364
-0.8399274644927627,-0.07110184983301737,0.8450123219592922,0.7069882805355808,0.4208682792917763,-0.46237508088456863,,,0.9534445690760639,-0.1365062500225515
-1.1076839195816,-0.7202450494418311,0.08614763024737629,1.042970352947333,0.7381753190766414,,-1.1986601272723783,-0.19354581359008854,0.42036924406601345,1.4307570968487964
,,-0.4341101239044053,0.8140809317718296,0.6589067154875436,0.3104247126839996,-0.47008396309028055,-0.6780655309183719,-0.2780797174244708,0.6240724686765611
-1.1917768292229507,,-0.1938240841626473,0.17102792920267482,0.9660406633056378,1.0329704658790715,-0.16829016677372996,-0.6481437221524942,-1.1213108396793028,-0.6131799412376199
-0.5888306417990767,-0.9267254672226142,-0.8651565188403123,0.32548068201554003,0.41746166953161434,,0.7041189317218051,0.7596982246249038,-0.6322175387994453,-0.9167116607487966
-0.5758091458826956,-0.9179112832604905,-1.0533562232693072,-0.30065624799799323,0.5571650506048432,0.5850681078111598,0.9245403612478761,0.8960494219885995,0.35969540663620186,-0.5452019658846308
-0.3098451829935342,-0.6484450391873504,-0.8657101179804769,-1.0707257241503478,-0.3267631684448485,-0.1962184238297897,0.3808139244540403,0.7912336905395109,0.9304027451379226,0.8599026389344964
,-0.46626829519467156,-0.9428209898866845,-1.4997218540236648,-0.8944043898231148,-1.0742695873139647,-0.693765260543695,-0.7280461679617821,0.22581769180739578,0.7168282309370566
,-0.8381243798491479,,-0.6700832210444753,-1.2958840357539874,-0.7368931260622038,-1.0849002636349714,-1.1219018865979322,-0.6996429974600685,-0.7655015976436033
-0.3046416926617052,-0.16152415875801854,-0.49281591801928437,-0.5813861706559219,-0.48621476468569674,,-0.6919244118463432,,,-0.7839512304918561
-0.10837533342372528,-0.10056295102704121,0.014733588784371731,-0.011005536418705233,0.13003737654163466,-0.1166960453938056,-0.00690295118989046,-0.06670921883588278,-0.4120723319672392,-0.28496727923603976
,0.038673644550707764,0.18466831321461757,0.47035152121787627,0.3846213819938725,0.6298382940638735,0.6942985990216431,0.6345038318467412,1.3627601842919996,0.8881847948235809
-0.10837112275167993,0.37853167101992613,0.6468262605365929,0.7200206700894278,0.6351978697033768,0.9203066995497641,0.7605776697323879,0.9081454247736234,0.8895242771611611,0.3136401617222389
,0.5825943163471885,0.7255891214185658,,0.803509979894891,0.6095900738956281,0.47270115558396253,0.23851489428198616,-0.20360124717777664,-0.659028770036649
0.4661382146962929,1.1595439850998008,1.037711968202474,0.8425128026319527,0.6608940166978481,0.22725221020749198,-0.42582861097563196,-0.9448682210051229,-0.65435943185396,-0.7534729086133658
0.8202514329316511,1.0185794829599704,1.0725146267090278,0.6584230593990006,-0.21725310135734277,-0.49644611355369506,,-0.6945846024194532,-0.5787992596884844,0.008256715711576797
0.6605416983834024,1.0534670550292982,,-0.2553861367449501,-0.9945573478772078,-0.9772099015219875,,-0.3550101655378064,0.052346837428264514,0.7752900554974786
0.8818362325864402,0.8953806061659411,0.3884193783999378,-0.22863569554181795,,,-0.43460528484668326,0.8940025312140497,1.309215137833513,0.33270246412371346
0.563892655945481,0.6610654771855173,0.08562924914872569,-0.5574338835000799,-1.139595305629506,0.17786229134703974,0.380246049414686,,0.4733464688201108,-0.4555379678171938
0.9535283657064423,0.7368372881798328,-0.13357360347415856,-1.3939983346365685,,0.5716585284127347,1.0120380513856084,0.17536450124224834,-1.035641241725074,-0.9405756731292567
0.5894801689019783,0.7098132561429742,-0.5557503503323029,-0.8704598423616817,-0.1797169393508064,0.7172015658972505,0.3458337281490117,,-1.1575035948236745,0.23317120200548982
0.7624407870446676,0.07306527095600202,-0.6088627692927531,-0.4855541957145098,0.6572979171071464,1.1563671494854562,-0.21637635652762033,,-0.3037469063215945,
0.987680987193091,0.3019364875492315,-1.0232400975863924,-0.4695142464975478,0.7615812725205037,0.5334670668660323,-1.299086867959614,-0.32765691599542895,1.2598823808566029,0.7164339885723172
0.9725123603035082,0.013179255105284032,,,1.3540458926185335,-0.37693272555167584,-0.8436377720108713,,0.93255591423889,-0.5020270085002168
1.0062755196747615,0.0028058830048916517,-0.9788164251713807,0.6743282066210872,0.8759804281365435,-0.5690958362326015,-0.7039131268024963,,-0.18709436526098483,
1.1130950414798029,-0.3301595787253176,-0.2701303055120339,1.276408667247071,-0.30733794097072553,-0.7509233475620578,0.48298040139990855,0.9251050182136786,-0.8100049724965739,-0.21791159828379314
0.9339169796164885,-0.8341580245971538,-0.19322391269187614,0.9078747379493532,-0.535221684321846,-0.49790348456079675,0.7956989778706538,-0.41651456212560833,,1.2642012988991704
1.0139084349876009,-0.7498000679408863,-0.010512968684313478,0.8630865210369619,-0.9333460079950078,0.18457878889418317,0.5519540992996539,-1.0048063440728854,,0.8003943899952741
1.1213749923260878,-0.9659510826301234,0.8019760171051142,,-1.0111047419428598,0.9708272700215698,0.07161787972097791,-0.9175110243695348,0.9281227187576157,-0.8149577821137847
0.6211294021987556,-1.1915146360307007,1.134971801461336,,-0.7993630820847679,1.138801907942536,,0.009994125941557103,0.6834311812724788,-0.8368707369728298
0.5802166486753334,-1.1551649785813924,0.8688297998020895,,-0.06708683537961256,0.9657724340687779,-0.7800325655834971,0.9920234889498087,-0.7623399188976421,-0.39457906142847976
0.6312862373689002,-0.631510493717686,,-1.3323786578813477,0.8661025383327716,0.22098717437127424,-0.4539585929832786,1.040562628820305,-1.0813533643076043,0.5837180644555129
0.26854192181472114,-0.7585320607417805,,-0.6869406796569386,1.15891324338145,-0.9699208134119288,0.7097455258516729,-0.20980088555530496,-0.25004751542685444,0.9243541611219449
,-0.6107288694781743,0.7323356368236048,,0.7564970919589541,,1.0234050960303058,-0.5844933394263521,0.46661352820544394,
0.2635016176710693,-0.4626845605307047,0.41761611478732114,-0.2619375030323071,0.4133850235964413,-0.8313276519544439,,,0.8377903654945412,-0.9140789821664942
-0.6421736471772932,-0.28185906130905614,0.02434977316950335,-0.007581227378209238,-0.09119943860145595,0.1263060589116522,0.1539381176671956,0.15838470668544186,-0.25295413506735426,-0.2905956814792426
-0.07583904044632495,-0.25063583191982364,-0.5013831625440457,0.4730861459756486,,0.9136765103592737,-1.022371712838389,1.0267733296995374,-0.7016206911541496,1.251975362260342
0.21144857368189274,0.4210658585159934,-0.4972107037033686,1.142163763173739,-0.9035087285119793,0.9652372671117495,-0.9650902647056068,1.0187031444150436,,0.504752723105641
-0.4461927649515138,1.0674727344583275,-1.1239713972686198,,-1.315988614194291,0.5053507645730255,-0.4769905415876359,0.1594298736310837,0.009700880300025583,-0.5643244838440625
-0.3799445027802315,1.1152745704173952,,0.9500545222346196,-0.9277726287375481,-0.1454535133524825,0.4603698666231234,-0.7938058457044284,0.9484957560462782,-0.946031359056105
-0.5908292639987085,0.8469270389268367,-1.3476014960672988,0.36790316713338855,,-0.8771074587264731,0.9615395238342038,,0.5877407885751166,0.010383971686420594
-0.3541402438668754,1.1229593788026402,-0.2779966282543661,0.1906499465464819,0.4367945165068255,-1.2726803403724556,1.0567496860763042,,-0.5972515353775064,1.0137536482651888
-0.7741457561996298,1.0573215370174778,-0.6674383340375882,-0.10216698953007441,0.8180896028790472,-0.7365550162388834,0.06507045106097359,1.1593321823240836,,-0.10386886278523477
-0.5319893231710311,1.013156958162219,-0.25868111075190414,-0.7800622245956119,1.0391393214768558,-0.483359341821116,-1.081484987392882,0.851711702029756,-0.4885320597293236,-0.5100151335891896
-0.7839756937942123,0.9785568277624239,0.5444870429569497,-1.297593971466084,0.5855350423251964,0.2614786117508095,-1.0296612080570948,0.2058156135475696,0.8010607852271143,-0.9210602073329739
,0.7911886378448684,0.6598097752252201,-0.8514990829138445,-0.1955158919994964,1.2618595733104927,-0.32816647878174826,-0.6475610835187715,0.647140103936883,0.14985382643123477
-1.2553486393647861,,0.8938614518489046,-0.9843760787080891,-0.5782500257395438,0.9981844132622397,0.4347058979699326,-0.7903346290134898,0.2953257068390931,0.7795107569653155
-0.9542385004732562,0.037808579213641016,0.6913776684317456,0.012995413823635893,-1.0068842156431324,0.43021311129790946,,-0.7598704353158958,-1.0950684420094774,0.5852204959365113
-0.9377940993865618,0.16308405640067838,,,-1.099296949690165,,1.4020587004746594,0.7799599919413429,-0.6142626452287736,-0.7978261945597072
-1.4654632166421104,-0.15517239855495696,1.0471216195835367,0.8382889857888972,,-0.9880247406574765,0.15456090380173837,1.1325322150728474,,-0.9121002294260458
-0.7817456886876899,-0.8827158003663262,0.8402841346170982,1.1645922403484597,-0.03083542585749029,-1.0069952812066927,-0.7131607637501516,0.44276012970496126,0.7867841922188656,-0.2007178029485019
,-1.1401482408026853,0.22432953235594302,0.8654689111200009,0.5304359558352228,-0.6815930088341302,-0.7935210047352607,-0.19655951404241037,0.6670129884534216,0.6025500137011157
,-0.7688001833177579,0.0050887871422088116,,1.0172813199140602,0.047047919612661054,,-0.9027578140536738,-0.7196590025190368,0.40751562548993936
,,-0.35171933460702715,0.45400661591403707,0.7709958841540735,1.0659581923175374,,-1.0426421355277222,-0.8142310444384461,
-0.4636126613466847,-1.0306727182700615,-0.957247993098897,-0.293134450960316,0.5924824258581511,1.1707307801323708,,,-0.6508032270924948,-0.9030761304223444
-0.8374256888701661,-0.9049897011568763,-0.45927292212112975,-0.661244308747194,0.15858172402725687,0.6094820483809691,1.1123484432215678,0.7777281910974915,0.5833374123135865,0.028939899898933023
-0.5847342892279033,-0.8742533362663547,-1.0591869547479906,-0.6631331946095066,-0.6349790786426569,-0.3044609780179861,0.6835782282346401,0.6729710768861314,1.2044749213010613,0.7240657886246268
-0.2863070296896181,,-0.9404784097745768,-1.3293361644119077,,-0.8318855086757055,,-0.16654476646898447,0.17425004386689585,0.7312044468490521
0.11119347670108476,-0.5986961960028947,-0.767769690423519,-0.8521869315586994,-1.4402995429397152,-0.9187669921020085,-1.060693106086831,-1.1213451194416677,-0.9877326103485443,-0.40015060723494966
-0.3532592167887767,-0.1601188630211442,,-0.1668048608932533,-0.6757040194757967,-0.27737490453380087,-0.8194447426449842,-0.9534849780614466,-0.7181345595585936,-1.3691511351435481
-0.251481968690019,-0.0744748120036195,-0.023235991803175475,-0.09181330362246251,0.0017627537540889893,0.17775005872407235,0.3482174757020646,0.01695307630259324,-0.22163518823500478,0.03835684149224144
0.46316224183548094,0.38168791881488473,0.18845575767525682,,,0.5309160346674009,0.7104529896020068,1.032404015821294,0.8018224975210128,0.9902441482203707
,0.6032143071319457,0.7575609850982169,0.7662293014485394,0.9471291935035695,1.0172722251415376,1.0167516463383832,,0.6775849127878987,0.7938849772600937
0.495695241540025,1.0988595800212222,,0.7628176011422222,1.2571216141848998,0.7229336915336518,0.3074852457266273,-0.0848026440516853,-0.0831907650998489,-0.47516387648760994
0.9204338710448947,,0.7920043647718529,1.1244738469002953,0.8072974327480278,0.32423141940658806,-0.3011467842964873,-0.828729002807528,-1.0148295309264674,
0.7325145103935925,,1.0938165910767548,0.547472899118022,-0.27164819348225655,,-1.141858921688961,-0.9661637255636686,-0.4586344951225385,
0.7712942412574404,0.6048350272539995,0.9440725686194349,0.4286729429297469,-0.4233219153308244,-1.0976995955821895,-0.9098425563359915,-0.046413798454615296,0.6072948879005148,0.7202692191141423
0.6464608970544335,1.016823794214212,0.2914794649022533,-0.3048179835878692,,-0.546131756504816,-0.15213236540825478,0.27853793586645065,1.0466076271355405,0.13614119326760887
0.8412197072009014,1.0717822744550451,-0.17910651466213834,-0.5830500928521438,-0.7486305913825202,-0.27713764891585374,0.49538143976713134,0.8837541781811324,0.1482516883335569,-0.8076387815714606
1.4177893135010087,0.31314361272137026,-0.14915240533607704,-0.8439413872145214,-0.6339567820584281,0.33785298332696756,1.0511470310662585,0.4366345774646841,-0.5358758830445984,-1.097879927520693
0.9673969285058799,1.1038044617634473,-0.5756540166029952,-0.776534477717726,0.3951745763436834,0.9661095484264174,0.373146940352311,-0.7435990328657835,-0.701955416060752,-0.026237452720787705
,0.07016348142433665,-0.47442230332034624,-0.3359782110049451,0.6230257601851449,0.7052469687974772,-0.20928744153142687,-0.9607789581671358,0.03750394075785557,1.212497120201047
0.934884729993753,0.0209551520458561,,-0.6236774769817944,0.8958428328623127,0.3494968002911081,-0.6089630315002641,-0.45994731519382215,0.8106691641076795,0.5825654506189385
,-0.24643774812401747,-1.0533762219496814,0.4854180931426407,0.7505123620771905,,-0.9317871319774604,0.14186449720083988,0.8262882454585077,-0.7813862258127063
0.7249694351299364,-0.3809856679115691,,0.9066604565009349,1.061036341276476,-0.6834195273230306,-0.1001319270083309,1.0943194479255285,-0.2171121278685051,-0.8868860622514065
0.8649556745650299,-0.7616409939116108,-0.1726635324637354,0.5914618495807153,,,0.9530237559959118,0.6341590744612127,-0.8574149626114776,-0.02613993265351957
0.9078863799142245,-0.8093810965779297,0.1228494935054402,1.038442787214937,-0.6570066300681829,-0.07105963226989004,0.5886439332564483,-0.3409944354173445,-0.8275737192948738,0.8922754342671629
,-1.055333586376113,0.25173427623665123,0.8208954253163688,,0.28829271683750335,0.681417816137863,-0.8935000387585039,0.12719685705654216,0.5137602269904853
0.9525410777194586,,0.5407824003332342,0.30476814209438413,-0.7969238810857436,1.1943348864304024,-0.16303849489238714,,0.848493986449566,-0.6845665135268113
0.8701775861055109,-0.9954766380739258,0.8612465827572555,-0.046119623371488144,-0.627986601005609,0.8924595934661652,-0.7539205462049134,0.3183300688822184,,
,-0.7039352043346285,1.251522338527065,-0.5056307196131831,0.11259852003614716,0.808248298239475,-0.8186706127935547,0.971725122168387,-0.6631966240221748,-0.30063682032097583
0.284935338258436,,0.6709076715722211,-0.7492417498048495,0.3471199096137747,,-0.3003966011234416,0.8101989996574901,-1.0183169475202238,0.7937020729317179
0.32247879966053067,-0.808593442534088,,-1.2627869287127005,0.9451968431479811,-1.0146365531350099,,0.15048013459481324,-0.48767136671956784,0.68710880889102
0.12742752490145476,-0.3818063347049135,0.9348516031810005,-0.9190031675162096,0.6729852785536041,-1.0582323125121513,0.8491058138592804,-0.5265203653462696,0.6792522612140663,-0.6099839387792642
0.008171801398476286,-0.45893208690671494,,,0.5139744119094515,-0.7878095764835158,1.0553252434198186,-0.8284423408528453,0.9397996082162332,-1.0769550225766753
0.061617302471763134,-0.019951101695854664,0.15950473363184928,,-0.018822868301305327,0.10344440041321083,0.1548615854057099,-0.1715491047182752,-0.04015927105867305,0.07954063115371654
-0.21988415865501812,0.3429588043898338,-0.5347738213530917,0.3615342657072113,-0.6658907117957275,0.7758497139403511,-0.8327781873841916,0.6349602516071947,-0.8628798733177347,0.9021174598790895
-0.08143289158638706,0.672990730581664,-0.758428714057918,0.7370342647573911,-0.9782167725920986,0.692091721708399,-0.8460397665594359,0.5963192133779691,-0.7029348324498356,0.7010251459061917
-0.47071291290723577,0.6347107294219377,-0.7944116763405727,0.8743044683324716,-1.024778455468274,0.7988918297954732,-0.584114976751241,0.3132295590060827,,-0.488840670827436
-0.5101023617126681,,-0.951823950641685,0.8619402846149908,-0.5522648090888449,0.2468578139412705,0.34192123242913425,-0.6253393592711631,1.2210846666866544,-0.7966140270114177
-0.5924665934167594,1.1749663898788032,-1.1495965157710097,0.5236172941938847,-0.37732028641816645,-0.5288621716359198,1.1274145704247738,-0.6229411325938579,0.48723615078064275,0.10875115001370347
-0.34940903996099765,0.8888833389255589,-0.8621458762155589,,0.46567213120342654,-0.9455924701876185,0.8479799020193678,-0.4502104419381363,-0.4040413067311539,0.868777451367652
-1.1392350248254912,,-0.4246662740105729,-0.18056258258634778,1.2141644157601938,-0.721476492520674,0.18878997456934266,0.6892012386761929,-0.17722095317251108,0.7238260615021912
-0.8182541690164091,0.7292607303976292,-0.2762390028516622,-0.9214475730781757,1.0761867183332787,-0.17631159885801756,-0.7118949278010228,,-0.022057211653169984,-0.6403618251184751
,0.9534865936723343,-0.1373826815378541,-0.8280597131715572,0.5441429544050647,0.6443998811464796,-0.7793031557282148,0.4969333394637252,0.579801259516048,
,0.7069932930579815,0.2358380075941714,-0.9594542597829822,-0.11233387337869713,0.8079045696412259,-0.5314489987039412,-0.41002350556914036,0.73829926609344,-0.1422925291895961
-0.8705166782357836,0.147385558104453,0.6327867211369381,-0.893039176422311,-0.6226433006551506,1.0312398992786735,0.4885560309966869,-0.8239683528386388,-0.12277778138781928,0.9128498777576672
-0.8839721250149853,,1.2290241735419247,-0.23804487030464433,-0.9340569013823151,0.6601832542026768,0.9894733656140917,-0.3431420733706535,-0.8153081467520988,0.7548569896004623
-1.1195121628121096,-0.3261069283909572,,-0.08022694921130966,-1.2075316054763174,-0.5106466791289705,0.6843764960298858,0.23070467871622713,-0.7546817716587355,-0.35703492285234156
-0.8824509246389699,-0.8959319737827713,0.7730159112596541,0.7404226664730338,-0.7060842805951134,-0.8798211254650509,0.30921636125096397,0.6604477396526507,0.2829227642402093,-0.9420528948728029
-0.7222014997125775,-0.14311280500756834,,0.7580317269419987,0.23070784589803045,-0.8407995796692473,,0.9027988626234746,1.0980114470916709,
-0.7983777622803405,-0.5905452328405304,0.531703703645465,,0.47064214874978977,,-0.9439115420432875,-0.3641020209514093,0.541681220128459,0.9626122674910327
-0.7046668729054676,-1.3102952649607948,0.12578635247845665,0.3823476042565561,0.5663951244548708,0.4875090219795296,,-0.6639093879898621,,0.7041259247235062
-1.2939712855021024,,-0.31691034644320704,0.4943966930760991,0.9268581326038131,0.8572449689024833,-0.12087298691069559,-0.470230021663604,,-0.07646562541928859
,-0.8588238206947384,-0.9296559302035895,-0.33082157581352795,0.6887161983074668,0.908197014856499,1.1008601101721076,0.17322703589384503,-0.6073572867287267,
-0.19382210669811223,-1.1917580044945124,-1.3738636206032768,-0.7005911349910199,0.06129807625549339,0.651969908653349,0.9297518418658746,0.9884438221940596,,-0.16389181050571766
-0.42060952506712673,-0.5922677847273979,,-0.8190505147773515,-0.5887426233359301,0.07900997611817223,,0.8038306830307105,0.8320049275814447,0.7204101299060176
-0.1960363904222434,-0.9258420306633307,-0.6284122711826063,-0.6790549214915923,,-1.2138835209782743,-0.3811421947191616,,0.4326390194800999,0.8096727708791196
,-0.6786655646221007,-0.6536201960782843,-1.283792399077767,-1.0616016648927924,-1.0954860621607876,-0.6217420972893607,-0.9114395902852259,-1.04676781982053,-0.14629495308475982
0.14253588000806458,,-0.07833937831501547,-0.04833176511357323,-0.34131033756322704,-0.7081843323898398,-0.619021072368608,-0.8935121941485276,-0.6451024190075547,-0.6119849892954837
0.1328719314615947,-0.122793814530097,0.2443700285542539,0.148842101720808,0.12304128264232485,0.26881861935424595,-0.07243289179778185,-0.1800179850404943,0.05558896581631841,0.2071055236942008
0.15615908286016703,0.30818288222937595,0.3869323944339108,0.2570045640042502,0.5907922642444138,0.7192263795907459,0.7582569581204384,0.7057416173226282,0.7164758555011104,0.8904210765220509
0.06450340899655646,0.5323676582746703,0.9055628192474383,0.5533596971947972,0.9169942770112492,1.2126062718538262,0.568457035959252,0.8344854788979132,0.5823598235259966,
0.9718722709180454,0.778059438744207,0.9802138036875664,0.8473669033925268,1.2205244228924947,0.28767392309444717,0.47811453615624255,0.246472440310134,-0.30535433970582804,-0.6262721673135546
0.46741283472624817,1.093776975371867,0.9587818813386918,0.6446085370422654,0.5887416337527053,0.15178984624517824,-0.37590019842409517,-0.5791427851963006,,-1.0048483820150398
0.26461985290376666,1.2751976551051836,1.0861089171140779,0.9393941147078844,-0.16392098311753664,-0.6511015784314387,-0.9585290125399094,-0.9049590962845575,-0.8882336130190986,
0.4450968240700134,0.8297504468541754,0.8606448918810854,0.02757736697145617,-0.6540204070893174,,,-0.6741559781748122,0.03936981268956713,0.8462476109648688
0.7717031068850717,1.297257359724274,0.4616254350317741,-0.7155707245228593,-1.1596948650848273,,-0.04483261574498568,0.6539121106927892,0.7220421973658132,0.2978593186819772
0.9327886949132302,0.7466955140495435,0.12661153804172645,-0.6102411561197431,-1.1182738617790962,-0.33009866757432493,0.7065314243427687,1.0098694983409358,0.21312281388317622,-0.601523293983806
,0.8034226699850646,,-0.9789918246182139,,0.34929706014352624,0.6231877694279013,0.5551107705933754,-0.7593948981250551,-1.0605560704952746
1.1568393561560624,0.3579576795242233,-0.5177786055537057,-1.3281917554379024,,0.8136386497043248,0.46472968365492556,-0.66630794228373,-1.2252524527946447,0.0039719052690971165
1.0121205333122258,0.1778878001051771,-0.6166881369939996,-0.8597292120258077,0.5692518343721293,1.0465950833193631,,-1.1972910207671261,-0.006431469412035734,1.1172890000123679
,0.13314770581782798,-1.226139720303022,-0.2509091570581812,1.220455667586251,0.3409609421507223,-1.1013253409745527,-0.35874016459527164,0.8508720489161467,0.6716796904856702
1.00087903928492,,-0.672409744342519,0.2054904034542233,0.9891056613550321,-0.43943763657080953,-0.6204938167626673,0.753850010580418,0.8137739708167071,
1.2471923653309478,-0.0927991948845508,-0.9608365467348791,0.7886950448891769,0.4086003793557219,-0.8289769779431057,-0.15768129280007376,1.1040248382588351,-0.2228096705328645,-1.2444925543233027
0.4379135441572869,-0.31203038274441613,,,0.09556069141920132,-1.4846883483609763,0.30392035774141335,0.6421676266348819,-1.2185650162665178,-0.3506080135170956
1.1721039681947916,-0.6771191922480233,0.0039006088303694952,0.9765876143462956,-0.6112450353303549,-0.11898257869006312,1.2196215862643502,-0.34604721376527625,-0.689865330870007,1.0064354483742928
0.9289611910592437,-0.9945600008996065,-0.22911476496736322,0.6798965006695802,-0.9850813167742363,0.4340152449255345,0.7445945244182471,-0.6300343140395563,0.08743715236016569,0.45667743347049083
1.2527522072766015,-1.4541070722405673,0.6277214872824235,0.29110608351132755,-1.016754606487709,1.0366843808962005,-0.18334892557271548,-0.5972905663343494,0.9147066787072995,-0.573184842413859
0.913248048846491,-0.6965053059885193,0.8884526552481151,0.06789583537076346,,0.8732736358884088,-0.8743204206681348,0.45570926536601963,0.6751193585715004,
0.8615289483698019,-0.6785900695133729,1.037659957649676,-0.3989045158165392,-0.2470201761397704,0.9918173127724714,-0.9165567753043733,0.5350986658796064,-0.6066867150565165,0.05201155772511533
0.8093380458244583,-0.7779299268582105,0.8496684621705854,,0.6077132388388417,-0.042398794844122886,-0.29403050929464764,0.9120211601617102,-0.7762168772800516,0.897338527840476
0.45686550733453596,-0.5496769674383936,1.1503450556434933,-1.1344175478465863,1.0290710469480282,-0.7149236590181921,0.39758809526527183,-0.592516764277902,-0.060394233390280744,0.4676927355542191
0.43305127532500354,-0.4924643397627545,0.8979321476127531,,0.9716252703143988,-1.1887008650820998,0.862468419623128,,0.8111579861543377,-0.6074184842163445
,0.07564121766043413,0.2631087009491759,-0.3931765665132285,0.62142980268289,-1.0293133127532428,0.5063892346731398,-0.7172694621971413,1.0238505599795813,-1.3226253750296941
-0.14074121877122328,-0.08093681613528712,0.27452877259370817,0.2763747949493513,-0.3026916234654362,0.22754553201366245,,,-0.06429456069459,0.0646114819008471
-0.35906413999737363,0.41454385647212955,-0.41153560477839796,0.4139953299124764,-0.5989894766282842,0.7453479904387662,-0.43999098977512546,0.8590667524653423,-0.9116249596451481,0.8929006541391376
-0.05478862725263403,0.6238683069041929,-0.36486042584525685,1.108018400608434,-0.8708023996111285,0.5987986518899904,-0.8423693262152379,0.8399309444348227,,0.784195601131029
-0.09040711668535367,0.3862813536698183,-1.1886463146999686,0.6089699037418626,-1.1482263425335117,0.6348897001825816,-0.47133992861769825,-0.007794510310990294,0.1926254979274215,
-0.9264982539793438,0.623419648975397,-0.7810652544671782,,-0.6480381289401401,-0.36222538045095654,,-0.6983885728480561,1.4254449395900268,-0.9516284102739936
-0.7581321177326201,1.1556705066154283,,0.8260579864275406,-0.10273892360986855,-0.7076243691692627,0.7651103019073275,-0.7482532944892152,0.3157635278907973,0.04537645659188981
-0.554185058530232,1.0735497014053779,-0.46072379495062593,-0.6721510927255825,0.6092457026264166,-0.757396237512228,,-0.4349895076336089,-0.6094985992961106,1.064136550099205
-0.8572829609199999,1.0463838933390688,-0.6776575837773111,-0.31666559417179857,1.1769539450402526,-0.8190844910477331,0.2928369945540845,0.5364820359094298,-0.9612745630647024,0.6482206560973997
-0.7966126960078148,,0.10736746206748163,-0.6644822615865175,0.6503890760341784,-0.32465607518716577,-0.9835112025133372,0.8521246512462255,-0.4105832231774963,-0.45033878399414645
-0.7177939156014822,0.4268783316869205,0.27203936226325715,-1.0610270536737163,0.7701944165721549,0.4320462888701114,-0.8954578986762798,0.45337487949786204,0.7462708922264555,-1.0059094006719593
-1.2064312565166109,0.5713885251018381,0.26895740671313095,,-0.01575590212788287,0.9407207521142709,-0.4452125191111519,-0.60317046049553,0.9038491252085494,-0.2809800161638599
-0.9305012155731701,0.5891117764566001,0.5361565695775967,,-0.37428400259613337,0.9070060972843631,0.4561769429372166,-1.1382615327035988,-0.008244505427013327,1.1506758052953603
-0.5181015783600516,0.11512112210484775,0.5014791048514932,-0.3647682166103632,-1.0349823991838702,0.26763972929749147,,,-0.9466364251424285,0.22582234476114543
-0.9866465718103268,-0.0587351256272418,0.5838465324882165,0.662137590120562,,-0.23165385768014912,1.1013767240705399,0.7748588386520401,-0.7094584769425871,-0.7469558699488599
-0.7913496588897004,-0.31360733604364527,0.9032404327490875,0.6941643150874146,-0.8372325115358112,-0.8433331462414483,0.4074057279224226,0.9493979329587229,-0.137498487388189,-0.9849312491961973
,-0.07652132054722605,0.9011880271745503,1.0849189006144455,0.13312397323860367,,-0.44836791352659255,0.6650740584220958,0.9505773368174134,-0.08470858664292186
,-0.8554955666507896,0.1238836335877715,,0.5828212075846667,,-0.9302211626887805,-0.0763753776623492,0.9603885355866338,1.0195040181463604
-0.8323716035247041,-0.613375838732555,-0.0052488904400451175,,1.1948073386310358,0.288155501276802,-0.48500176220278385,-0.75087297973049,-0.26415494699727005,0.3733759513136941
-0.9361158120728491,-0.7938075333368696,,0.5023577754713111,0.8463940184089328,1.1771553217273658,0.04275983911275491,-0.42208904759829763,-1.0813670094613563,-0.5781509075971114
-0.4302146974247621,-0.9463529697696843,-0.8867327598830761,-0.408998173344828,0.38661887227625147,1.1724714637851628,1.027884457252398,-0.0549012659319113,,-1.2213488447217105
-0.3239248674980399,-0.6074945879912017,-1.2234084707845998,,,0.42593304158567546,0.9810839518416334,0.8471186494233244,0.7749615590790931,
-0.2551079006699095,-0.865515810001347,-0.7844542997396545,-0.7750469805910523,,-0.24117871116635198,,0.5492873466424569,1.0476605078999897,0.6348128212827726
-0.389380180501357,-0.4463669511838896,-0.6243255423018151,-1.0290206708926972,,-0.5838525665946648,-0.7040680956111041,-0.13136409368309465,0.3607945112535643,0.5599086552486172
-0.41911966763874053,,-0.8995474740922442,-0.7802868783428395,-0.8804537445393816,-0.8533185020853374,-0.9053822601313205,,-0.7524344599358568,-0.24221956202849737
,-0.5003297801173744,-0.5237084795382132,-0.21576296678813783,-0.5893613293727371,-0.7913238220198984,-0.6004188427375088,-0.7157886711866417,-0.8072957355717822,-0.9348813493972251
-0.1270454563734143,-0.08448090316388954,-0.12785232661252724,-0.09280786562335329,-0.011892953528855542,-0.15816914738666965,0.14744512502872326,,0.34679367158149715,-0.3459736117552725
,0.17092356630055375,0.20545761952722513,0.6430625708245217,0.5969459979393884,,0.8373177264797607,0.31157579165476545,0.6810479143836673,0.7325705525397923
0.3901044939356224,0.48846433819254975,0.5199045079864164,0.5638114180878764,0.8844556500193758,0.796742768867062,1.2233327077286336,,0.4656198987243268,0.8452065442660341
0.41582932291799435,0.781024334638979,,1.0431293734410896,1.0306105450370877,0.771471481197485,0.37040820352495385,,-0.22855096542305303,-0.36559160870474494
0.06592554999165179,1.2205369562856647,0.7719505864406849,0.717279491301077,0.8774959840697463,-0.03792065655756882,-0.2597892328514318,-1.0817332828060686,-1.302569652514606,-0.8636622533964746
0.5379575436830355,1.3226290888521601,0.7766281375728208,0.9906562911862429,-0.12259534542298492,-0.697831938671293,-1.122947635652079,-0.749993452563289,-0.691008766993323,-0.03665852067362686
0.35288513375297414,0.8457518469873386,0.5379306109347712,0.12265463053223655,-0.3019985823900844,-1.2640429906426978,-0.5038838711645335,-0.41834075191687814,0.6952256935827934,1.2072216936961833
,1.23488161666076,0.34836712655086804,-0.29869814321608895,-0.7448584699886445,-0.49987431665492277,,1.0240905263912599,1.2149560959060992,0.6568068322605422
0.6363928926656405,0.5023354681096548,0.28009149098878994,-1.0436899061517342,-1.1759861650955323,,,0.3877797940424037,0.532079958954256,-1.0875926045082382
0.5962202796509724,0.7576051819995067,-0.05119361850740811,-0.9466342284337863,-0.9460964120539324,0.6101923418687741,1.048127991273005,0.2515311193839297,-0.6540866032384399,
1.1799155247261601,0.5846204840238381,-0.6254685935349337,-0.7036407481445761,-0.06575647208574811,0.7508219487903183,0.9776598783610273,-0.49281053592738555,-1.0083526145615196,-0.07679394027473903
0.7988463764352618,0.5923055549402041,-1.187620247882418,-0.753800164072761,0.5744717858174898,0.6680630524690702,,-0.7943567818750917,-0.37919523195806903,1.155248725922267
1.2014935350879326,0.04260072330517421,,-0.422481367776352,0.7363642407991211,0.4831375448944132,-0.9966105395089808,-0.8102512350883908,,0.6627238745075564
1.1269350037750971,-0.3399582214908771,-1.0314791077372159,0.12300005096193337,0.6736388773486413,-0.13013527389855892,-0.9474888872834226,0.4681119272409812,0.7304474239377379,-0.8600871905190219
,-0.780545789269006,-0.07888449060497416,0.2656533631472981,0.7492454194239153,-1.261741204529634,-0.21383366508855411,1.1484843942322587,-0.08886785190946324,-1.310337851990722
0.8014891474615904,-0.18680406086333556,-0.9081888912732056,0.9595839259806834,0.16771051396865627,-1.0845159927660293,0.7054895709890228,0.5244480773852652,-0.964165248490659,-0.16467078881895725
0.6941659531217521,-0.6680215980076278,-0.04297594069955196,,-0.6657839178633833,-0.6513364754152433,1.2307464870542906,-0.4783119994752309,-0.8408590910821665,1.0247197995074144
0.8106815216822587,-1.063111857227005,0.3424730350765621,0.6313139219118531,-0.9929463320107216,0.46691349598104653,0.751240910626085,-1.0879192329937488,0.35621437196802097,0.43117509025393963
0.6155241889904636,-1.2196785851931804,0.9347377680548253,0.4446444844562375,-0.7206817161120044,1.07504037183632,,-0.879156164071561,,
0.8539285984665448,-0.9915567246558779,0.6523027985881236,-0.13015254494946799,-0.4524688529977127,1.2741129813370662,-1.0055243989337046,0.4377434799538783,0.47863895775640286,-0.5622904468549728
0.5028719224226681,-0.7698018488862168,1.0012304686259283,-0.5015070295334347,0.31301670841257945,,-0.9512475701927261,1.0475858821077455,-0.3367904580712781,-0.0710626453218674
0.39960079989312364,-1.0174696221296213,1.0745953492064768,-0.7787908806810627,0.6682128812619298,-0.10828651516117788,-0.43238386443972837,0.7092842269673587,-1.0358257015725505,
,-0.7208258439173952,0.958180937625504,-1.08475384415895,0.8229768942409452,-0.7388923400289973,0.8513961911510344,-0.5101011110169584,-0.09582720097932018,0.3487207759242016
0.1899246425616956,-0.13176175139827673,0.8102387051872061,-0.7823394881285883,,-1.2760312861992493,0.8862912302698506,-1.1352823599759918,0.881927401996428,-0.6104706711330196
,,0.3122930664492099,-0.3892369652662421,0.43481378238868784,-0.5906911779120892,0.7461407617262935,-0.6498647950927248,1.1195762822065576,
-0.06431380570684142,,-0.2631765003664869,-0.03472067264152374,0.28580175125366136,-0.32477556378031064,-0.06599571875555882,0.06458078472239297,-0.024615746624790838,-0.47154878498450825
-0.389888131969437,0.10585378719472341,-0.6400704477843839,0.23587569339362763,-0.704472694003822,0.5453328843004175,,,-0.8205111606123702,0.9577278746166207
-0.297837397546083,0.4880818057594828,-0.46985283772393616,0.6621055887962547,-1.1048266765581354,1.4967357606421305,-0.5481153897770736,1.3323004219800243,-0.890805368956129,1.1276269404121841
,,-0.9628405745994356,,-0.9475775030656426,0.5277849169980047,-0.2939330671848818,0.10493289727894997,-0.21501603450957643,-0.630294231088303
-0.72347784701306,,-1.0361218916574952,0.9527679890069468,-0.8055861508781328,0.03477691842137437,0.2006875206764822,-0.5188587319635124,0.9128036519057783,-1.1550913883364378
-0.9322490054114211,,-1.2271177685055703,0.3979554840887357,0.24506293550222635,-0.5834016757448072,0.7766606972752094,-0.685215976160786,0.5924450101358034,-0.349008763713025
-0.7325272726077663,1.1826743425577806,-0.6639612052993386,0.3320958011633268,0.6338855164679379,-0.8121747363645153,0.7828228182136762,-0.37741754826492285,,0.9555093355441686
-0.4465092244815365,0.8521000137931594,-0.4401951975723678,-0.5719668349679387,0.9018883364922662,-0.7351056442280393,0.26186892348246665,0.5201264665238895,-0.8594289677849123,0.41772856738905867
-0.9308757312847572,0.8549736159024103,0.1112144963904054,-0.5347440452842894,1.1819764247222284,-0.44940588074235643,-0.8197376217166277,0.8083893623693944,-0.4784501071854437,
-0.7019991716069848,0.3988995342207215,0.5556292047266566,-0.6726972324211136,0.2737603456323844,0.16892959253682704,-1.020905859398768,0.46114269376898664,0.48576743377107556,-0.9048827789382352
,0.7190380302211286,0.24956329687260054,,,0.7757895468456468,-0.7223780964046416,-0.4725690250901465,0.8588446924018338,0.11959196303777352
-1.1231838474281708,0.28036438111779,1.0035420070233403,-0.7736762899559453,-0.569626469390132,1.0585973030559923,-0.05396703939489195,-0.9649302293296937,0.15562749467820503,1.058541941772006
,0.025834355047894428,,-0.3873059460334082,-1.106587327086451,0.19959867256203048,0.5734818858064672,-0.8148628889395643,-0.960879520739487,0.35009205722223113
-1.148248856071506,-0.3419018576036724,0.8498458257614454,0.3933261886274789,-0.9666768933022997,-0.3917298880566521,,0.6055062271415009,-1.1015866461855917,-0.2462654536140773
-1.0650549902553952,-0.3880327880972899,,1.06653988204915,,-0.7190669776634194,0.20374939604327297,0.7879367698257399,0.08656409607657303,-1.2928163960722066
-1.057193495713879,-0.23287678051212873,1.017032299813247,0.7947718814874699,0.04448757655765068,-0.7315280075091659,-0.9789833723309046,0.8212289258791264,,0.11896047686543597
-1.0853901340981784,-0.7657972700690473,0.23490114109368304,,,-0.4902717930773561,-0.9173247675560204,-0.16662778349215712,0.7200167142393782,1.1490459850224073
-0.9941299431404442,-0.9629623670424604,-0.17795953540135828,0.5690901808787704,0.8519731823515203,0.4585712873485225,-0.6510449465685116,-1.1542789053088098,-0.3593210285092997,0.40759655268979894
-0.7398205275884371,-0.7089893893283985,-0.33452692239950355,0.3238913190747333,1.232759081012139,0.6799110808792465,0.009370853345089136,-0.7028678527509842,-0.7327849824148535,-0.22151162980773226
-0.8514537788356273,-1.255157989984164,-1.0896776049713008,0.033303449898790444,0.5181835803715669,0.70346093021403,0.5499455195221599,-0.09520770558854319,-0.5544520115626382,
-0.6164337364219239,-1.10911111062809,-0.905953569646403,,-0.5986840941232089,0.5074546687193018,,1.0925164362926383,0.7711106623314822,0.02860988316659418
-0.7413630447777755,-0.6659918720701806,-1.092258193048748,-0.9132818634364408,-0.6858708866518263,-0.11316670830888605,0.40457287655876933,1.0570461160216218,1.092942852410649,0.7670637547134452
-0.36334087777344665,-0.6327185618694202,-0.9318411972867914,-1.2336913234062488,-0.9365936425783442,-0.2681239046128939,-0.2573079929813542,0.01620915257851485,0.07284781687657543,
-0.27179922338408274,-0.5425210736825913,-0.966895072656581,-0.984470091665497,-0.829304463654831,-0.713254315742152,-0.7956794504707765,-1.005294881143535,-0.7396478137827724,-0.5635923650548461
0.5010953466291,-0.17971928051926883,-0.6724453060991775,-0.5800191671613776,,-0.4872139567651711,-1.0342768450185933,-0.7247308655113318,-1.2327698921040708,-1.0658490830738199
0.04843700750052116,0.1609877051556028,0.13286882942249123,,-0.023474711507164757,-0.011462150539866106,-0.0633000766086408,0.01144329828841033,0.30479794327054466,0.034302682693241736
-0.030176231613840504,-0.03432398330712838,-0.07180315348861033,,0.7386963621035032,0.8651927074826224,1.1374075085582749,0.6449368874908683,1.1016003575184614,1.120556614338825
0.11610463167460888,,0.4232927512363184,0.7671680557242039,,1.3750755778840085,0.9925595118305143,0.7714585614199956,1.0101284376740842,
0.3125678099680803,,1.1018334630844397,0.931877099199025,,0.8379455456419392,0.2445162641758274,,-0.4692052191491515,-0.33232669371212625
0.40282944253666153,0.6084118281458616,1.0565605485809777,0.5343562099231061,0.5950840772129794,0.36249279227760733,-0.4944683041410889,-0.7515043704786931,-0.9489295469307161,-0.8239557653848707
0.5895124378572251,0.7942286620490783,1.1122394375643743,0.7371796173131424,-0.0006559942322167205,-0.8303356399658472,-0.926645090037697,-0.9322511030353003,,0.06505116690585401
0.4508635334206017,0.9528285975946715,1.0598090913706992,-0.10159279538492341,-0.7916090900837733,-0.9280556305720452,-0.8502222103482897,0.07062637720914058,0.8369929874357432,0.7278689094283299
0.6589831619706339,0.785154567366261,0.385320235503814,-0.22922926517392886,,-0.945414777765511,-0.11754100515061888,0.5828542656641764,0.8120182123811148,0.5688024011038401
0.7248884594276012,0.9586372480589763,,-1.0324232984315582,-1.2087091777438463,-0.23152927318530486,1.0098187390687645,,,-0.45026353291082677
0.8358817140999066,1.0528705648468688,-0.20266184706038748,-1.0652709934738305,-0.7846519639863272,0.7302359919447861,,0.37799957975962284,-0.5220616545808868,-0.9522543637962558
1.0191924595699198,0.4977427024139699,-0.4443054153686724,-0.9172485983509882,-0.016672594475185827,0.9589508025509523,0.3278590268015233,-0.4504722729054047,-0.982846838753288,-0.033201762551538186
1.133647789702699,,-0.7938157873283244,-0.5178500675444012,0.7242433956494158,1.072156338805209,-0.45246280271560557,,-0.340329755763472,1.323302586457939
,0.2252766016772234,-1.0848859462254397,,0.9494798063426971,0.46553723714403183,,,0.4661443448894444,0.28387329050404325
,-0.5677323733676701,-0.744651211855422,0.3675508894571761,1.11774396270144,-0.26478671685725336,-0.9750003700622949,0.7537279440253506,0.7878727035407822,-0.4989992483883525
0.9531174180284113,,-0.9963497927936754,0.29608354077181603,0.21569354966879317,-1.2598175657819737,-0.38474966014492096,1.137945907571709,-0.0023214785927823667,-1.1700069876878418
0.8291102632163712,-0.5068169448088993,,0.9345093752033135,0.051755190378210775,-0.41412345030050446,0.7200225265930418,0.5359403034854746,,0.0745048714412775
0.6951600670203916,-0.5951121955481886,-0.32510967662226803,1.0311363491700722,-0.35422451116052744,-0.6884518501340535,0.928554700093186,-0.6176793081526384,-0.8339279110761014,1.1352255789781163
1.110694414695836,-0.5001957515742111,-0.08762277000204935,0.7904215471492422,,0.24619266195805672,0.8693252426574382,-1.1518647995747824,0.31815137202366733,0.6021191544914963
,,0.4097094327099592,,,0.7183362004003842,-0.02706603938599822,-0.6295374328581423,1.0113784892241118,-0.4550762085922525
0.996279081339971,,0.8561154835118141,0.12210212684273716,-0.25265217616338603,0.8103669184411029,-1.0042000772211055,0.2010146764505383,0.465498584864571,-0.7724606259967469
0.44559897742640664,,0.6245819756631517,-0.697874506116577,-0.11263987588727511,0.4840342199360227,-1.1659113289687164,0.4638511104501411,-0.26534474867221114,0.006829472951437456
0.658633563882031,-1.0802761238054344,1.152104407081713,-0.6020256653162379,0.5757289361807291,-0.4750450527111978,-0.6029861399255096,,-1.0772417093807307,0.7490935928169775
,-0.9726738313618299,0.7090326929398709,-0.7428915333563619,0.8046806883276052,-0.9687152848781156,0.674631724890103,0.15923919891618887,-0.11822147779838327,0.7599261592416013
0.3681678738927648,,1.112862510282052,-0.8447657288791223,1.2509728011882464,-0.8147770829049745,,-1.0381199747983576,0.4427775826876409,-0.8187422710124789
,-0.04195428145074978,,-0.5252091949860479,0.47944286738375835,-0.5797626647800392,0.9632540025732113,-0.6929744281457937,1.0546393820365196,-0.797029250565807
-0.12632334071259907,0.21494031027649288,-0.21239837711895185,-0.03469645249744974,-0.23516125091218038,-0.39038066523000986,-0.015049021879669005,-0.049220583922249636,0.40662563288523335,-0.02703363384951253
-0.005594244380549396,0.47697297027237906,0.07643823000230177,0.2842664619853299,-0.5623590363095777,0.20650414162715502,-0.9551056839171161,0.6325340698363034,-1.1171181339637006,0.5727792734268218
-0.4140173725065744,0.6122826133900526,-0.9112781839865471,1.0669431716945796,-0.8666943231188187,0.9741391939337259,-1.1097373381223923,0.8917257165226345,-1.078445429753271,0.7306716944611757
-0.566206581760477,0.9863163783198098,-0.9903900526452859,1.3127033280943543,-0.9890979337024302,0.4972282955310673,-0.5640801056546405,0.420011169022501,-0.2240692805468744,-0.41357628273301483
-0.6760635098846519,0.741258756527339,-1.0689653939333044,1.2006159299778025,,0.13740200895653013,0.20343218336789043,-0.7635188474986968,0.9156133249425241,
-0.4711594830832027,0.6220051757500125,-0.7762980242257482,0.5426382740274118,0.09557453085291032,,,-1.1190043956572373,,-0.23885357059292486
-0.822202613493902,1.1761342994660735,-1.0701696249358086,-0.01993280375688755,0.4578721401668503,-0.66560284963109,0.5998185140388821,-0.19135621622253998,-0.5456378010654426,1.021619171393192
,0.8441370181105576,-0.7697349808148999,-0.5190107119423469,0.822464348977527,-0.7951125324598877,0.25116376829111775,0.5664711124668729,-1.2406536919632434,0.3810022686773768
-0.8523083820558716,0.6040524757128136,-0.09452200555146929,,1.0578815744340264,-0.4073224756987833,-0.6669805201948945,0.7047516786516259,-0.4236361045282083,-1.0564848061695615
-0.85872070964161,1.0096123960131855,0.4445686602609068,-1.2078404114232182,0.31071233447842017,,-0.8694828092467042,0.18699287203640924,,-0.9458265188998976
-0.8184582756344088,0.8159221199221502,0.7842948248278159,-0.8886334406212726,-0.27792182693852224,,,-0.5864455049277632,0.5465303429103086,0.0370083088734243
-0.33207118058722207,-0.08483133132389625,0.9337813445713982,,-0.40947805156202066,1.1109767321396369,0.1943926815058489,-1.0419516254959515,0.25596098745599544,0.9353863562581478
-0.6850762848931375,0.11977662972180707,1.2285814439657523,-0.16844036224780326,-0.9621221562672106,0.36391738322120687,0.8155049734894655,-0.3524704508594628,-0.5703870677128084,0.8080523170882628
-1.3469669629106376,-0.1858930275637928,0.9148513942134261,0.014909094763654429,-0.8108997499540328,-0.2284555643441737,0.8667234410264952,0.37056174584629603,,-0.6207072345245386
,-0.00015946919734993736,0.2793475113197501,0.9431008014276289,-0.6756943298335397,-0.642115142016691,0.24592745639479432,0.9632950933368218,0.21952236787954058,-1.3567526425921952
-0.8775386802287756,-0.3842473325164433,0.6255107300930675,1.144916941476334,0.22105975698669655,-0.8711644742035498,-0.5762048851507013,0.5356317956539626,0.6675984314912631,
-0.6855170560306202,-0.5917752447156122,0.18083860861232376,,0.7591251200061926,-0.9565118471026467,-1.2872552629141665,-0.32320624537805176,0.8067320722899993,1.3092753462687239
-1.1139521696666856,-0.7166061609659751,-0.018780574832514815,0.5755816793220172,,0.1233971246008467,-1.031605667768373,-1.159913779098378,,
-0.6469740875569356,-1.0969384277525018,-0.554424807555042,0.2713187555427655,0.9558614892592545,0.9135952304438459,,-0.6769736053135665,,-0.7270577953164624
-0.5691821091722069,-1.0563558408244043,-0.686418546720552,-0.08778880747722792,0.640946873296176,0.8916130928143584,,,,-1.3558681825298482
-0.6370514322733591,-0.995250995047486,-0.8678999255021725,-0.2967501249172965,-0.4222004175412388,0.7272781765452944,0.809391547158341,1.073231321294695,0.3657550300706179,-0.2688461456281777
-0.72396692380501,-0.6529281075989027,-1.0153511826233954,-0.8297246824957725,,-0.07420125388227097,0.4506538086538496,0.9063412986789439,,0.938967166860654
-0.07583690833276252,-0.43359573390894973,-0.5371200015632993,-1.0719217383578943,,-0.8236319802798581,-0.4213288836882998,-0.31109616520804073,0.7346625147780154,0.4604618547317263
-0.049416730079998056,-0.5776623377353214,-0.7959462774362819,,,-0.8950512904759793,,,-1.023364956231797,
0.029208912087767408,0.006813212713923017,-0.5663055225873407,-0.659361654479364,,-0.3526755558472603,-0.9515377204788715,-1.0079833987847673,-0.9089228613320539,-1.088911808890105
